ID	S1	S2	S1/Initiated Expression (IE_S1)	S1/Expression Repetition (ER_S1)	S1/tokens (%)	S2/Initiated Expression (IE_S2)	S2/Expression Repetition (ER_S2)	S2/tokens (%)	Voc. Overlap S1	Voc. Overlap S2	SR/S1/ELS	SR/S1/EV	SR/S1/ER	SR/S1/ENTR	SR/S1/L	SR/S1/LMAX	SR/S2/ELS	SR/S2/EV	SR/S2/ER	SR/S2/ENTR	SR/S2/L	SR/S2/LMAX
excerpt-alice_tsv	Agent	Human	0.18181818181818182	0.53125	0.3047619047619048	0.8181818181818182	0.0547945205479452	0.6952380952380952	0.5833333333333334	0.35	3.0	0.08108108108108109	0.40540540540540543	0.9709505944546686	3.0	6.0	12.0	0.15384615384615385	0.5256410256410257	1.7814164026211206	2.0	4.0
